{
    "multitest": {
        "servers": {
            "localhost 01": {
                "label": "localhost 01",
                "status-url": "http:\/\/localhost\/server-status"
            },
            "localhost 02": {
                "label": "localhost 02",
                "status-url": "http:\/\/localhost\/server-status"
            },
            "localhost 03": {
                "label": "localhost 03",
                "status-url": "http:\/\/localhost\/server-status"
            },
            "localhost 04": {
                "label": "localhost 04",
                "status-url": "http:\/\/localhost\/server-status"
            },
            "localhost 05": {
                "label": "localhost 05",
                "status-url": "http:\/\/localhost\/server-status"
            },
            "localhost 06": {
                "label": "localhost 06",
                "status-url": "http:\/\/localhost\/server-status"
            },
            "localhost 07": {
                "label": "localhost 07",
                "status-url": "http:\/\/localhost\/server-status"
            },
            "localhost 08": {
                "label": "localhost 08",
                "status-url": "http:\/\/localhost\/server-status"
            },
            "localhost 09": {
                "label": "localhost 09",
                "status-url": "http:\/\/localhost\/server-status"
            },
            "localhost 10": {
                "label": "localhost 10",
                "status-url": "http:\/\/localhost\/server-status"
            },
            "localhost 11": {
                "label": "localhost 11",
                "status-url": "http:\/\/localhost\/server-status"
            },
            "localhost 12": {
                "label": "localhost 12",
                "status-url": "http:\/\/localhost\/server-status"
            },
            "localhost 13": {
                "label": "localhost 13",
                "status-url": "http:\/\/localhost\/server-status"
            },
            "localhost 14": {
                "label": "localhost 14",
                "status-url": "http:\/\/localhost\/server-status"
            },
            "localhost 15": {
                "label": "localhost 15",
                "status-url": "http:\/\/localhost\/server-status"
            }
        }
    },
    "multitest2": {
        "servers": {
            "localhost 01": {
                "label": "localhost 01",
                "status-url": "http:\/\/localhost\/server-status"
            },
            "localhost 02": {
                "label": "localhost 02",
                "status-url": "http:\/\/localhost\/server-status"
            },
            "localhost 03": {
                "label": "localhost 03",
                "status-url": "http:\/\/localhost\/server-status"
            },
            "localhost 04": {
                "label": "localhost 04",
                "status-url": "http:\/\/localhost\/server-status"
            },
            "localhost 05": {
                "label": "localhost 05",
                "status-url": "http:\/\/localhost\/server-status"
            },
            "localhost 06": {
                "label": "localhost 06",
                "status-url": "http:\/\/localhost\/server-status"
            },
            "localhost 07": {
                "label": "localhost 07",
                "status-url": "http:\/\/localhost\/server-status"
            },
            "localhost 08": {
                "label": "localhost 08",
                "status-url": "http:\/\/localhost\/server-status"
            },
            "localhost 09": {
                "label": "localhost 09",
                "status-url": "http:\/\/localhost\/server-status"
            },
            "localhost 10": {
                "label": "localhost 10",
                "status-url": "http:\/\/localhost\/server-status"
            },
            "localhost 11": {
                "label": "localhost 11",
                "status-url": "http:\/\/localhost\/server-status"
            },
            "localhost 12": {
                "label": "localhost 12",
                "status-url": "http:\/\/localhost\/server-status"
            },
            "localhost 13": {
                "label": "localhost 13",
                "status-url": "http:\/\/localhost\/server-status"
            },
            "localhost 14": {
                "label": "localhost 14",
                "status-url": "http:\/\/localhost\/server-status"
            },
            "localhost 15": {
                "label": "localhost 15",
                "status-url": "http:\/\/localhost\/server-status"
            }
        }
    },
    "my clustered web 2": {
        "servers": {
            "serverA": {
                "label": "serverA",
                "status-url": "http:\/\/serverA\/server-status"
            },
            "serverB": {
                "label": "serverB",
                "status-url": "http:\/\/serverB\/server-status"
            },
            "serverC": [],
            "serverD": {
                "label": "serverD",
                "status-url": "http:\/\/serverD\/server-status"
            },
            "www.apache.org": []
        }
    },
    "zz default environment": {
        "servers": {
            "localhost": {
                "label": "localhost",
                "status-url": "http:\/\/localhost\/server-status"
            }
        }
    }
}